Products.id,Products.title,Products.category,Products.description,Products.features.age_group,Products.features.applications,Products.features.benefits,Products.features.best_sellers_rank,Products.features.brand,Products.features.capacity,Products.features.color,Products.features.compatibility,Products.features.coverage,Products.features.customer_reviews,Products.features.department,Products.features.description,Products.features.design,Products.features.dimensions,Products.features.firmness,Products.features.flavor,Products.features.functions,Products.features.gender,Products.features.genre,Products.features.installation,Products.features.instructions,Products.features.item_form,Products.features.item_model_number,Products.features.magnification,Products.features.maintenance,Products.features.material,Products.features.power,Products.features.power_source,Products.features.purpose,Products.features.quality,Products.features.scent,Products.features.style,Products.features.sub_genre,Products.features.theme,Products.features.tools,Products.features.type,Products.features.usage,Products.features.use,Products.features.user_friendly,Products.features.voltage,Products.features.warranty,Products.features.wattage,Products.features.weight
1,"FYY Leather Case with Mirror for Samsung Galaxy S8 Plus, Leather Wallet Flip Folio Case with Mirror and Wrist Strap for Samsung Galaxy S8 Plus Black",Phone Accessories,,,,,,,,Black,Samsung Galaxy S8 Plus,,,,,Accurate cut-out for receiver. Convenient to Answer the phone without opening the case.,,,,,,,,,,,,,Premium PU Leather,,,,,,,,,,,,,,,,,
10,"Design Toscano QM2787100 Darby, the Forest Fawn Baby Deer Statue, full color","Patio, Lawn & Garden",,,,,,Design Toscano,,,,,,,,,"14.5""Wx6""Dx9""H 2 lbs",,,,,,,,,,,,Resin,,,,,,,,Animals & Sealife,,,,,,,,,
100,Unisex Full Length Hooded Robe Cloak Long Velvet Cape Cosplay Costume 59 inch,Costumes & Accessories,,,,,,,,"Black, Purple, Red, Green, Blue, Brown, Wine Red, White",,,,,,,"Fit for 5'4""~6'8"" tall",,,,,,,,,,,,Velvet,,,,,,,,,,,,,,,,,
1000,SPANX Womens Everyday Shaping Brief,Women's Lingerie,,,,,,,,,,,,,,,,,,,,,,,,,,,Not specified,,,,,,,,,,,,,,,,,2.47 Ounces
10000,"Design Toscano QM2787100 Darby, the Forest Fawn Baby Deer Statue, full color","Patio, Lawn & Garden",,,,,,Design Toscano,,,,,,,,,"14.5""Wx6""Dx9""H 2 lbs",,,,,,,,,,,,Resin,,,,,,,,Animals & Sealife,,,,,,,,,
10000,"Rarloner Cat Fountain Filters, 8 Pack Pet Water Fountain Replacement Filters",Pet Supplies,,,,,,,,,1.6L cat water fountain,,,,,,5.0*0.4inch,,,,,,,,,,,,Coconut shell carbon,,,,,,,,,,,,,,,,,
100000,The Salt Fix: Why the Experts Got It All Wrong--and How Eating More Might Save Your Life,Books,,,,,,,,,,,,,,,,,,,,,,,,,,,,,,,,,,,,,,,,,,,,
1000001,"Jeans Maximum Skin Therapy Cream with Aloe & Vitamin E, Radiation Relief Cream for Radiation Patients, Soothing Cream for Sunburn, Itchiness & Redness, Moisturizing Cream for Dry & Sensitive Skin, 7oz",Beauty & Personal Care,,,,,,,,,,,,,,,7oz,,,,,,,,,,,,,,,,,Aloe Vera,,,,,Dry & Sensitive Skin,,,,,,,
1000003,Aquaboon Coconut Shell Water Filter Cartridge | Activated Carbon Block CTO | Universal Whole House 5 Micron 10 inch Cartridge,Tools & Home Improvement,,,,,,,,,,,,,,,,,,,,,,,,,,,,,,,,,,,,,Activated Carbon Block CTO,,,,,,,
1000004,"63Pcs Stainless Steel Fastener Screw Snap Kit, Marine Grade, 3/8"" Socket #6-5/8"" with 3 Pcs Setting Tool",Industrial & Scientific,,,,,,,,,,,,,,,"#6-5/8""",,,,,,,,,,,,Stainless Steel,,,,,,,,,,Socket,,,,,,,
1000005,"ecowhides | Genuine Cowhide Rug, Brazilian Dyed Cowskin, Solid Color, Black, Spotted Hide, Western Home Decor, Premium Quality, Living Room Accessories, (Large) 6 x 6 ft",Home & Kitchen,,,,,"#2,123,103 in Home & Kitchen",eCowhides,,Black,,,,,,,72 x 72 x 0.01 inches,,,,,,,,,,,,Leather,,,,,,,,,,,,,,,,,
1000006,D'Angelico Premier DC Semi-Hollow Electric Guitar w/ Stairstep Tailpiece - Ocean Turquoise,Musical Instruments,,,,,"#302,841 in Sports & Outdoors",D'Angelico,,Turquoise,,,,,,,17 x 10 x 48 inches,,,,,,,,,,,,Bronze string,,,,,,,,,,,,,,,,,
1000007,Coolibar UPF 50+ 42 Inch Sodalis Travel Umbrella - Sun Protective,"Clothing, Shoes & Jewelry",,,,,"#188,167 in Clothing, Shoes & Jewelry",Coolibar,,,,,,,,,12 x 3 x 3 inches,,,,,,,,,,,,,,,,,,,,,,,,,,,,,
1000008,"Future Mrs. - Cheers Bitches, Bachelorette Party Shirts, Bridal Party Tank Tops, Bride Tank Bridal Party shirts",Handmade Products,,,,,"#74,012 in Handmade Products",,,,,,,womens,,,,,,,,,,,,,,,,,,,,,,,,,,,,,,,,
100001,"Bonna Retractable Dog Leash for Medium - Small Dogs and Cats 16.5FT Tangle Free, Heavy Duty Walking Leash with Anti Slip Handle, Pause and Lock Strong Nylon Tape, Dog Leash Retractable",Pet Supplies,,,,,"#65,880 in Pet Supplies",Bonna Store,,,,,,,,,6 x 4 x 1.2 inches,,,,,,,,,,,,,,,,,,,,,,,,,,,,,
1000013,BattlePulse Reflex Ball Soft Multilayer Premium Headband Boxing Ball 360-Degree Buckle 2 Difficulty Level Punching Ball Reflex Speed Ball Hand Eye Coordination Training Headset,Sports & Outdoors,,,,,"#302,841 in Sports & Outdoors",BattlePulse,,,,,,,,,5.5 x 4 x 2.9 inches,,,,,,,,,,,,,,,,,,,,,,,,,,,,,
1000014,Army Officer Tie Tacks,"Clothing, Shoes & Jewelry",,,,,"#2,560,112 in Clothing, Shoes & Jewelry",,,,,,,Mens,,,,,,,,,,,,,,,,,,,,,,,,,,,,,,,,
1000016,"YOLENY 12' X 20' Outdoor Hardtop Gazebo Galvanized Steel Double Airy Roof Aluminum Frame Canopy Pavilion Pergolas with Netting and Curtain for Garden, Patio, Lawns, Parties","Patio, Lawn & Garden",,,,,"#125,808 in Patio, Lawn & Garden",YOLENY,,,,,,,,,240 x 144 x 123 inches,,,,,,,,,,,,,,,,,,,,,,,,,,,,,
1000019,"Cocolaat White Couverture Chocolate Chips | 25.9% Cocoa, Low Fluidity | Resealable Stand Up Pouch | 14 oz",Grocery & Gourmet Food,,,,,"#228,450 in Grocery & Gourmet Food",CACAOHOLIC,,,,,,,,,,,,,,,,,Bar,,,,,,,,,,,,,,,,,,,,,14 Ounces
1000020,"Linenspa 5 Inch Gel Memory Foam Mattress, Firm Mattress, Low Profile Bed Twin 5 Inch Mattress",Bedding,,,,,"#10,435 in Home & Kitchen",,,White,,,,,,,74 x 38 x 5 inches,Firm,,,,,,,,,,,Gel Memory Foam,,,,,,,,,,,,,,,10-year U.S. Manufacturer's warranty,,
1000024,"Immune Support Gummies with Sambucus Black Elderberry Extract, Vitamin C & Zinc, Natural Vegan Immune System Support Supplement for Children, Tasty Fruit Flavor - 120 Gummies",Health Supplements,,Adult,,,,,,,,,4.6 out of 5 stars,,,,5.75 x 3.11 x 3.03 inches,,,,,,,,Gummy,,,,,,,,,,,,,,,,,,,,,
1000026,"Louisville Ladder FE3220 Fiberlass Step Ladder 300-Pound Duty Rating, 20 FEET, Orange",Tools,,,,,,,,Orange,,,,,,,Overall Height - 20 Feet,,,,,,,,,,,,Fiberglass,,,,,,,,,,Type IA (Extra Heavy Duty) 300 pounds,,,,,,,
1000028,Disney Mickey Mouse Baby Graphic T-Shirt and Shorts Outfit Set Infant to Big Kid,"Clothing, Shoes & Jewelry",,12 months - 7 years,,,,,,,,,4.7 out of 5 stars,,,,11 x 9 x 0.75 inches,,,,,,,,,,,,,,,,,,,,,,,,,,,,,
1000029,White Marble Sculpture Trippy Water Hard Plastic Phone Case for iPhone 6 & iPhone 6s,Phone Accessories,,,,,,,,,"iPhone 6S, iPhone 6",,4.3 out of 5 stars,,,,,,,,,,,,,,,,Hard Plastic,,,,,,,,,,,,,,,,,
100003,Organifi Green Juice and Red Juice Bundle - 30 Day Supply,Diet & Nutrition,,,,Detox Performance Pump,,,,,,,4.5 out of 5 stars,,,,,,,,,,,,,,,,,,,,,,,,,,,,,,,,,
1000030,"New Apple Watch Series 6 (GPS, 40mm) - Blue Aluminum Case with Deep Navy Sport Band",Wearable Tech,,,,,,,,,iPhone 6S and later,,4.9 out of 5 stars,,,,40mm screen,,,,,,,,,,,,Aluminum case,,,,,,,,,,,,,,,,,
1000032,"Cottonelle Ultra CleanCare Soft Toilet Paper with Active Cleaning Ripples, 24 Family Mega Rolls",Household Supplies,,,,,,,,,,,4.8 out of 5 stars,,,,16.77 x 11.81 x 11.42 inches,,,,,,,,,,,,Cottonelle's Strongest,,,,,Unscented,,,,,,,,,,,,
1000036,Printhead Hospital Printer Cleaning Kit for Epson Canon Brother and HP Printers - 500ml,Office Products,,,,"Saves Money, Extends Printhead Life","#62,537 in Office Products",,,,Compatible with Epson Canon Brother and HP inkjet printers,,,,,,,,,,,,,,,,,,,,,,,,,,,"Syringe, adapter, tubing",,,,Easy to Use Inkjet Printer Head Cleaner Kit,,,,
1000037,Kinwell 6 Pack Office Hanging Mesh Letter-Size Wall File Holder Organizer,Office Products,,,,,"#230,558 in Office Products",,Fit Letter-size,,,,,,,,,,,,,,,,,,,,"Plastic, Metal",,,Multi-Purpose Organizer,,,,,,,,,,,,,,
1000038,"MOSFiATA Par Lights 2 Pack, RGB 36 LED Stage Lights Sound Activated DMX Control",Musical Instruments,,,,,"#9,419 in Musical Instruments",,,,,,,,,,,,,,,,,,,,,,LED stage lights,,,,,,,,,,,,"Club, KTV, Disco, Party",,,,,
1000039,"Zotech 6 Pair Memory Foam Replacement Earbuds, Ear Tips for JayBird BlueBuds X, X2 & X3 Sport Headphones",Electronics,,,,,"#68,408 in Electronics",,,,"Compatible with Jaybird BlueBuds X, X2 & X3 Headphones",,,,,,,,,,,,,,,,,,Memory foam,,,,,,,,,,,,,,,1 year,,
1000040,"MAJESTIC PURE Basil Essential Oil, Therapeutic Grade, Pure and Natural Premium Quality Oil, 4 Fl Oz",Health & Household,,,,,#193 in Health & Household,,,,Vegetarians and Vegans,,,,,,,,,,,,,,,,,,,,,,"Therapeutic grade, Pure and Natural",,,,,,Essential Oil,,,,,,,
1000041,"Komene Mesh Office Chair Home Office Desk Chair, Ergonomic Computer Chair",Home & Kitchen,,,,,"#198,221 in Office Products",,,,,,,,,Ergonomic Design,,,,,,,,,,,,,,,,,"Solid & Stable, SGS certified gas pump",,,,,,,,,,,,,
1000042,Motherlove More Milk Plus (60 Liquid caps) Fenugreek-Based Lactation Supplement,Health & Household,,,,,"#5,369,971 in Clothing, Shoes & Jewelry",,,,,,,,,,,,,,,,,,,,,,,,,,"Soy-free, Vegan, Non-GMO",,,,,,,,,,,,,
1000043,Mens I Like Big Bucks and I Cannot Lie Funny Deer Hunting Humor T Shirts for Men,"Clothing, Shoes & Jewelry",,,,,,,,,,,,,,,,,,,,,,,,,,,,,,,"Soft, Comfortable Apparel",,"Novelty Men Shirts, T-Shirts",,,,,,,,,,,
1000044,PARIKHS LuxLock World's most secure USA Patented Replacement Earring Back in White-Yellow-Rose Gold,"Clothing, Shoes & Jewelry",,,,,"#5,369,971 in Clothing, Shoes & Jewelry",PARIKHS,,Yellow Gold,,,,,,,,,,,,,,,,,,,,,,,,,,,,,,,,,,,,0.125 Grams
1000045,"Christian Dior Forever 24h Skin Caring Foundation Spf 35, 3n Neutral, 1.0 ounce",Beauty & Personal Care,,,,"24 hours flawless, SPF 35 Broad spectrum sunscreen","#293,690 in Beauty & Personal Care",,,,,Medium-to-full coverage,,,,,,,,,,,,,,,,,,,,,,,,,,,Foundation,,,,,,,
1000046,adidas Originals Women's Superstar Sneaker,"Clothing, Shoes & Jewelry",,,,,"#76,307 in Clothing, Shoes & Jewelry",adidas Originals,,,,,"4.6 out of 5 stars, 10,524 ratings",womens,,,11.42 x 7.72 x 4.25 inches,,,,Women,,,,,LUV60,,,Full-Grain Leather,,,,,,All Styles,,,,Lace Closure,,,,,,,
1000047,Goodthreads Men's Long-Sleeve Lightweight Slub Henley,"Clothing, Shoes & Jewelry",,,,,"#27,110 in Our Brands",Goodthreads,,,,,"4.3 out of 5 stars, 1,758 ratings",Mens,,,,,,,,,,Machine Wash,,MGT45007SP18,,,100% Cotton,,,,,,,,,,,,,,,,,
1000052,New Balance Women's 311 V2 Sneaker,"Clothing, Shoes & Jewelry",,,,,"#223,137 in Clothing, Shoes & Jewelry",New Balance,,,,,"4.2 out of 5 stars, 2,712 ratings",womens,,,12.2 x 7.3 x 4.6 inches,,,,,,,,,WL311LB2,,,,,,,,,,,,,,,,,,,,
1000053,nan,Unknown,,,,,,,,,,,,,,,,,,,,,,,,,,,,,,,,,,,,,,,,,,,,
1000054,Endless Summer 30-in W 50000-BTU Grey Tabletop Steel Propane Gas Fire Table,"Patio, Lawn & Garden",,,,,"#449,946 in Patio, Lawn & Garden",,,Gray,,,"4.5 out of 5 stars, 46 ratings",,,,,,,,,,Freestanding,,,,,,"Alloy Steel, Stainless Steel, Concrete",,Gas Powered,,,,,,,,,,,,,,,45.5 pounds
1000055,NBA Youth 8-20 Performance Dri Fit Icon Association Edition Name & Number Player T-Shirt,Sports Fan Apparel,,Youth 8-20,,,"#102,337 in Sports & Outdoors",Outerstuff,,,,,"4.5 out of 5 stars, 197 ratings",Boys,,,,,,,,,,Machine Wash,,,,,65% Polyester 35% Cotton,,,,,,,,,,,,,,,,,
1000057,Girls Flower Vintage Floral Lace 3/4 Sleeves Floor Length Dress,"Clothing, Shoes & Jewelry",,2-14 Years,,,"#7,050 in Clothing, Shoes & Jewelry",IBTOM CASTLE,,,,,"4.4 out of 5 stars, 15,881 ratings",Girls,,,3/4 Sleeves,,,,,,,,,,,,Cotton+Polyester+Lace,,,,,,,,,,"Wedding, Party, Formal",,,,,,,
1000058,SVBONY SV46 Spotting Scope HD Dual Focus IPX7 Waterproof 20-60x80 Long Range Angled Telescope,Optics & Telescopes,,,,,"#335,416 in Sports & Outdoors",SVBONY,,,,,"4.2 out of 5 stars, 61 ratings",,,,,,,,,,,,,,20-60x80mm,,,,,,,,,,,,BAK4 Prism,,,,,,,
1000059,"Organic Sweet Matcha Green Tea Powder, Cafe Style Blend by Cherie Sweet Heart (16 oz)",Tea & Beverages,,,,,"#36,414 in Grocery & Gourmet Food",Cherie Sweet Heart,,,,,"4.4 out of 5 stars, 1,267 ratings",,,,10.47 x 6.97 x 1.89 inches,,,,,,,,,,,,,,,,,,,,,,Green Matcha,,,,,,,
100006,"PureSec Water Pipe Stem Elbow Connector for 1/4"" Tubing 90 degree elbow Push to Connect Plastic Quick Fittings for Reverse Osmosis System(Pack of 10)",Water Filtration & Irrigation Accessories,,,"RODI system, Irrigation System, refrigerator ice maker tubing, coffee machine, etc.",,"#18,966 in Industrial & Scientific",jeamsworld,,,"Fits standard 1/4 inch OD plastic RO tubing, Copper, CPVC, PEX, and PVC pipe or hose",,4.7 out of 5 stars,,,,1/4 inch tubing,,,,,,"Easy push-in installation, no tools required",,,,,,Food Grade Plastic,,,,,,,,,,,,,,,,,
1000060,Leg Split Stretcher Machine,Fitness Equipment,,,,,"#413,009 in Sports & Outdoors",N/A,,,,,,,Leg Stretching Machines for Home Yoga Gym Fitness to Train Leg Flexibility,,"Unseparated Size: 33x16x15in, Size when used: 57.8x7.48x16.5Inch",,,"Great for maintaining flexibility, relaxing muscles, and preventing muscle sprains during sports",,,,,,,,,"Steel construction for stretching, durable and anti-rust",,,,,,,,,,,,,,,,,10.52 Kilograms
1000062,BEYBLADE Burst Rise Hypersphere Wizard Fafnir F5 Starter Pack,Gaming Tops,,,,,"#124,984 in Toys & Games",Hasbro,,,,,,,Stamina Type Battling Top Toy & Right/Left-Spin Launcher,,,,,,,,,,,,,,,,,,,,,,,,,,,,,,,3.2 ounces
1000063,Weber Stephen Products 17149 Mesquite Wood Chips,Grilling Accessories,,,,,"#429 in Patio, Lawn & Garden",Weber,,,,,,,Great for adding wood smoke flavor to foods or as a heat source for grilling,,192 cu. in. (0.003 m^3),,"Mesquite wood chips, great with pork, lamb, & beef",,,,,,,,,,,,,,,,,,,,,,,,,,,0.01 ounces
1000064,Cadillac All Weather Shield - Leather and Fabric Protector Spray 10.5 oz,Automotive,,,,,"#6,518 in Automotive","Apollo Technologies, Inc.",,,,,,,Premium Protection For Any Season,,,,,,,,,,,,,,Non-aerosol,,,,,,,,,,,,,,,,,14.4 ounces
1000065,"Paper Mate InkJoy Gel Pens Medium Point (0.7mm) Capped, 14 Count, Assorted Colors (2023009)",Writing Supplies,,,,,"#54,059 in Office Products",,,,,,,,Spread joy with quick-drying gel pens in assorted colors,,,,,,,,,,,,,,,,,,,,,,,,,,,,,,,0.64 ounces
1000067,"Gorota Premade Fans Eyelash Extensions 3D C Curl 8mm Length 0.1 Middle Stem & Long Stem Heat Bonded Premade Fans Russian Volume Lash Extensions Supplies (3D-C-0.1, 11MM)",Beauty & Personal Care,,,,,"#223,310 in Beauty & Personal Care",,,Black,,,,,,,,,,,,,,,,,,,Silicone,,,,,,,,,,Eyelash Cleanser kit,Eyelash Extensions 8-19mm practice,,,,,,1.13 Ounces
1000068,PlayStation Gold Wireless Stereo Headset: Limited Edition - White,Gaming Accessories,,,,,"#73,087 in Video Games",,,,PlayStation 3 and PlayStation 4 systems,,,,Experience 7.1 virtual surround sound exclusively tuned for PlayStation,"Stylish and comfortable design, adaptable audio",,,,,,,,,,,,,,,,,,,,,,,,,,,,,,2.35 pounds
100007,Alpha Beta Glow Pad Intense Glow,Skin Care,,,,"Odorless, streak-free, long-lasting color","#71,265 in Beauty & Personal Care",,,,,,,,"An anti-aging, exfoliating self-tanner for the face",,,,,,,,,,,,,,,,,,,,,,,,,,,,,,,3.2 ounces
1000070,One Pair (1 Left and 1 Right) of Heavy-Duty Trailer Spring Coils Featuring 2000 lbs Torque,Automotive,,,,,"#227,301 in Automotive",,,,,,,,"Designed for trucks, trailer gates, or universal models",,"4-inch long ears, 0.5-inch steel round bar",,,,,,,,,,,,,,,,,,,,,,,,,,,,,4 Pounds
1000071,"Nature's Bounty Lutein Pills, Eye Health Supplements and Vitamins, Support Vision Health, 20 mg, 40 Softgels",Health & Household,,,,,"#23,512 in Health & Household",Nature's Bounty,,,,,4.7 out of 5 stars,,"Nature's Bounty Lutein supports eye health for adults.* It is one of the most abundant carotenoids found in fruits, vegetables and even plants like marigolds. Lutein also has antioxidant properties for adults.*",,1.85 x 1.85 x 3.51 inches,,,,,,,,,84902,,,,,,,,,,,,,,,,,,,,
1000072,Andux Golf Club Head Covers Set Long Neck (3 Hybrid Covers + 3 Wood Covers),Sports & Outdoors,,,,,"#108,434 in Sports & Outdoors",,,,,,,,"Fully headcovers for Golf headcovers series including driver, wood, iron, hybrid, and putter. A young brand focused on the development of golf accessories.",,14.41 x 11.69 x 5.08 inches,,,,,,,,,,,,"Nylon-mesh, neoprene, foam, elastic polyester ribbed knit, rubber strip, plastic No. tags",,,,,,,,,,,,,,,,,
1000073,Hallmark Shoebox Funny Birthday Card,Office Products,,,,,,,,,,,,,Funny birthday card suitable for those making getting older look easy. Known for high-quality greeting cards and gift wraps for over 100 years.,,,,,,,,,,,,,,,,,,,,,,,,,,,,,,,
1000074,"SK8MEMO Mini Skateboard, Mini Cruiser Skateboard for Beginners",Sports & Outdoors,,,,,,,,,,,,,"Mini skateboard designed for kids, easy to carry and suitable for learning skateboarding with protective gear. Available in various sizes.",,,,,,,,,,,,,,,,,,,,,,,,,,,,,,,
1000078,2006549 Water Level Probe Replacement for Manitowoc Ice 20-0654-9,Industrial & Scientific,,,,,,,,,"CVD685, CVD885, SD0302A, SD0303W, and more",,,,Water level probe replacement compatible with S-Series Manitowoc Ice Machines.,,,,,,,,,,,,,,,,,,,,,,,,,,,,,,,
1000080,Ace Teah Flan Mold with Lid for 6 Quart Pot Cookers,Home & Kitchen,,,,,,,,,,,,,"Flan mold designed for 6QT cookers for making flan, cheesecake, pudding, mousse, tart, and quiche.",,,,,,,,,,,,,,,,,,,,,,,,,,,,,,,
1000083,Samsung Gear 360 (2017 Edition) Real 360 4K VR Camera,Electronics,,,,,,,,,,,,,Capture every angle in 4K brilliance with this 360-degree camera. Edit and share instantly. Works seamlessly with Samsung Galaxy smartphones.,,,,,,,,,,,,,,,,,,,,,,,,,,,,,,,
1000084,"SUPCASE Samsung Galaxy S8 Active Case, Unicorn Beetle Series Premium Hybrid Protective Frost Clear Case",Cell Phones & Accessories,,,,,,,,,,,,,"Case designed specifically for Samsung Galaxy S8 Active, providing drop protection and scratch resilience.",,,,,,,,,,,,,,,,,,,,,,,,,,,,,,,
1000085,AKONA Lightweight and Durable Mesh Backpack with PVC Coated Mesh,"Clothing, Shoes & Jewelry",,,,,"#4,795,220 in Clothing, Shoes & Jewelry",Akona,,,,,2.1 out of 5 stars,,,,15 x 12.52 x 2.01 inches,,,,,,,,,AKB135,,,Ripstop,,,,,,,,,,,,,,,,,
100009,"LUCID Upholstered Bed with Square Tufted Headboard - Linen Inspired Fabric Sturdy Wood Build No Box Spring Required Platform, King, Stone",Beds,,,,,,LUCID,,Stone,,,3.3 out of 5 stars,,,,85 x 78.5 x 46 inches,,,,,,,,,LUKKST01UB,,,Wood,,,,,,,,,,,,,,,,,
1000091,"DART 5"" Hinged Food Sandwich Take-Out Container Cupcake Cookie Favor Cake, 25 Pack, Clear",Food Containers,,,,,,DART,13.3 Ounces,Clear,,,4.7 out of 5 stars,,,,11 x 6 x 5.5 inches,,,,,,,,,'-,,,plastic,,,,,,,,,,,,,,,,,
1000092,SPANX Jean-ish Ankle Leggings Black,"Clothing, Shoes & Jewelry",,,,,,Spanx,,,,,4.3 out of 5 stars,womens,,,6 x 8 x 4 inches,,,,,,,,,20018R,,,"69% cotton, 26% polyester, 5% spandex",,,,,,,,,,,,,,,,,
1000093,"",Unknown,,,,,,,,,,,,,,,,,,,,,,,,,,,,,,,,,,,,,,,,,,,,
1000096,"Philips Norelco Cleaning Cartridges for SmartClean System, 2 Count, JC302/52",Men's Electric Shaver Cleaners,,,,,,Norelco,,,,,4.7 out of 5 stars,,,,3.58 x 3.9 x 4.45 inches,,,,,,,,,JC302/52,,,,,,,,,,,,,,,,,,,,
1000097,"TS YUNIKU Jewelry Making Kit for Kids - Glow in The Dark Pop Beads, Arts & Crafts Supplies - 550 Pieces",Kids' Jewelry Making Kits,,3 years and up,,,,TS YUNIKU,,,,,4.5 out of 5 stars,,,,6 x 6 x 6 inches,,,,,,,,,,,,plastic,,,,,,,,,,,,,,,,,
1000098,Lacoste Men's Low-Top Trainers Sneakers,Men's Fashion Sneakers,,,,,,Lacoste,,,,,4.7 out of 5 stars,Mens,,,17.24 x 12.6 x 4.8 inches,,,,,,,,,41SMA0030,,,,,,,,,,,,,,,,,,,,
1000099,"SHARDOR Portable Smoothie Blender Personal Blender for Shakes Juice with 2 Bottles 1 Ice Cube Tray, Black",Personal Size Blenders,,,,,,SHARDOR,350 Milliliters,Green,,,3.4 out of 5 stars,,,,3 x 3 x 10.4 inches,,,,,,,,,,,,BPA Free,,,,,,,,,,,,,,,,150 watts,
10001,Ross-Simons Diamond-Accented Love Knot Drop Earrings in Sterling Silver,Jewelry,,,,,,Ross-Simons,,,,,,,,,"1.5""",,,,,,,,,,,,Sterling Silver,,,,,,,,,,,,,,,,,
100010,Little Blue House By Hatley Bear Family Pajamas,"Clothing, Shoes & Jewelry",,,,,,,,,,,,,,,9.92 x 6.1 x 2.09 inches,,,,,,,,,,,,100% Cotton,,,,,,,,,,,,,,,,,
1000100,Wild Thera Scar Remover for old scars...,Beauty & Personal Care,,,,,,Wild Thera,,,,,,,,,,,,,,,,,Cream,,,,,,,,,Scar Fade Balm,,,,,,,,,,,,
1000101,Circle A Medical Algicate + Gelling Calcium Alginate Wound Dressing...,Health & Household,,,,,,,,,,,,,,,"2"" x 2""",,,,,,,,,,,,Silver,,,,,,,,,,,,,,,,,
1000102,"Scented Candles Gift Sets, Soy Wax 4.4 oz Portable Travel Tin Candles Women...",Health & Household,,,,,,,,,,,,,,,4 Count,,,,,,,,,,,,,,,,,"Flower World- Lavender, Gardenia, Jasmine, Vanilla",,,,,,,,,,,,4.4 ounces
1000103,Fiskars PRO 750620-1001 IsoCore 10 lb Sledge Hammer...,Tools & Home Improvement,,,,,,Fiskars,,,,,,,,,,,,,,,,,,,,,Steel,,,Ideal for demolition work like shattering concrete (demolition face) or driving stakes and wedges...,,,,,,,,,,,,Full lifetime warranty,,
1000106,nan,Unknown,,,,,,,,,,,,,,,,,,,,,,,,,,,,,,,,,,,,,,,,,,,,
1000107,"Luvan 16 oz Soap Dispenser,Made of BPA Free Plastic...",Home & Kitchen,,,,,,,,,suitable for all types of liquid hand soap or lotion,,,,,,,,,,,,,,,,,,made of food-grade ABS+PP.,,,,,,,,,,,,,,,,,
1000108,QQbed 2 Pack Outdoor Patio Deep Seat Memory Foam (Seat and Back) Cushion Set...,"Patio, Lawn & Garden",,,,,,,,Rustic Rust,,,,,,,"20""X18""X4"" inch",,,,,,,,,,,,,,,,,,,,Rustic,,,,,,,,,
100011,LuckyGreenery Artificial Bamboo,Home & Kitchen,"For anyone who is looking for beautiful decorations for home and office, these Easy Care Artificial Bamboo Tree will be your ideal choice...",,,,,LuckyGreenery,,,,,3.6 out of 5 stars based on 12 ratings,,,,17in (H) x 16in (W),,,,,,,,,,,Easy to maintain,PE/PP/EVA,,,,,,,,,,,Perfect for indoor decoration,,,,,,1.34 pounds
1000110,Lightahead Artificial Tropical Fish Dolphin Aquarium Decorative Lamp Virtual Ocean in Motion (Marine Life B),Pet Supplies,The Lightahead Artificial Tropical Fish Aquarium is a great alternative to a regular aquarium...,,,,,Lightahead,,,,,4.2 out of 5 stars based on 390 ratings,,A moving picture creates the illusion of water and tropical fish in motion...,,,,,,,,,,,,,,,,,,,,,,,,,,,,,,,1.5 pounds
1000111,Chapstick Lip Tube (Pack of 3),Health & Household,ChapStick Classic Original Lip Balm Tubes feature the lip balm you know and love...,,,,,Chapstick,,,,,,,ChapStick Classic Original Lip Balm Tubes feature the lip balm you know and love that keeps your lips feeling smooth and wonderfully soft...,,16 x 16 x 17 inches,,,,,,,,,,,,,,,,,,,,,,,,,,,,,0.48 ounces
1000112,TACVASEN Men's Jackets-Windproof Bomber Jacket Full Zip Winter Warm Padded Coats Outwear,"Clothing, Shoes & Jewelry",Winter Warm Padded Coats Outwear Men's Jackets-Windproof Bomber Jacket...,,,,,TACVASEN,,,,,,,,,7.09 x 3.94 x 0.79 inches,,,,,,,,,,,,100% Polyester,,,,,,Tropical,,,,,,,,,,,10.58 Ounces
1000113,"BlueMake 2 Pack Macrame Woven Tassel Garland Belly Basket Decorative Wall Hangings for Boho Home Decor,Nursey Room (Ivory)",Home & Kitchen,"Material: Cotton, Wood Beads Package: 2pcs Tassel Garland Size: Total length is 72cm/28.3""...",,,,,BlueMake,,Ivory,,,,,,,,,,,,,,,,,,,Cotton,,,,,,,,,,,,,,,,,2.39 ounces
1000114,U&M 2cs/Pack High-Density Fluffy Wool Auto Seat Belt Cover for Adult Youth Kid Toddlers,Automotive,Features: Material:Austrulian Wool Type: Cushion Color: As the picture show...,,,,,U&M,,,,,,,,,10.3 x 3.8 x 2.4 inches,,,,,,,,,,,,High density Sheepskin Australia Wool,,,,,,,,,,,,,,,,,3.2 ounces
1000115,50W S6-PRO Ping Pong Table Tennis Robot Automatic Ball Machine Practice Recycle Net Updated(JT-A),Sports & Outdoors,All the products are shipped from US warehouse(CA or NJ)!,,,,,S6-PRO,,,,,,,,,,,,,,,,,,,,,PVC,50W,,,,,,,,,,,,,110-240V,,,2.2 pounds
100012,LUCID Upholstered Platform Bed with Slats Wood Construction Linen Inspired Fabric No Box Spring Required Compatible with Adjustable Bases (LUTTBKUPPL),Furniture,,,,,"#841,711 in Home & Kitchen",LUCID,,"Charcoal, Stone, Cobalt, Black, Pearl",,,4.2 out of 5 stars,,,,81.8 x 41 x 15.8 inches,,,,,,,,,,,,Wood and Fabric,,,,,,,,,,,,,,,,,
1000122,Nike Women's Air Max 200 Multi AT6175-300 (Size: 6.5),"Clothing, Shoes & Jewelry",,,,,,,,,,,,Women,,,,,,,,,,,,,,,,,,,,,Road Running,,,,Athletic Running,,,,,,,
1000123,Dopro Gold Mirror LP Pickguard Back Control Plate Switch Cavity Covers for Epiphone Les Paul,Musical Instruments,,,,,"#108,846 in Musical Instruments",,,Gold Mirror,,,4.5 out of 5 stars,,,,,,,,,,,,,,,,plastic,,,,,,,,,,,,,,,,,
1000124,Gluten-Free Diet: A Comprehensive Resource Guide- Expanded and Revised Edition,Books,,,,,,,,,,,,,,,,,,,,"Cookbooks, Food & Wine",,,,,,,,,,,,,,,,,,,,,,,,
1000126,"Height Growth Maximizer - Made in USA - Calcium, Vitamin D3 & Zinc Blend to Grow Taller - Height Growth Pills for Kids & Adults - Bone Strength & Density Support - Height and Bone Growth Supplement",Health & Household,,"Teen, Kid",,"Bone Strength, Height Growth","#82,750 in Health & Household",BIOTEQUELAB,,,,,4.1 out of 5 stars,,,,,,,,,,,,Capsules,,,,"Calcium, Vitamin D3, Zinc Blend",,,,,,,,,,,,,,,,,
1000128,TENDLIN Compatible with iPhone Xs Case/iPhone X Case Wood Grain with Carbon Fiber Texture Design Leather Hybrid Slim Case Compatible with iPhone X and iPhone Xs,Cell Phones & Accessories,,,,,"#18,139 in Cell Phones & Accessories",TENDLIN,,Red Sandalwood,,,4.6 out of 5 stars,,,,,,,,,,,,,,,,"Faux Leather, Wood, Carbon Fiber",,,,,,,,,,,,,,,,,
1000129,Vassarette Women's Invisibly Smooth Slip Short Panty 12385,"Clothing, Shoes & Jewelry",,,,,,,,,,,4.3 out of 5 stars,,,,13 x 8 x 1 inches,,,,,,,,,,,,"78% Nylon, 22% Spandex",,,,,,,,,,,,,,,,,
1000131,"BOWIE: Stardust, Rayguns, & Moonage Daydreams (OGN biography of Ziggy Stardust, gift for Bowie fan, gift for music lover, Neil Gaiman, Michael Allred)",Books,,,,,,,,,,,,,,,,,,,,Comics & Graphic Novels,,,,,,,,,,,,,,Graphic Novels,,,,,,,,,,
1000132,"One A Day Women's Prenatal Multivitamin Two Pill Formula, Supplement for Before, During, and Post Pregnancy, Including Vitamins A, C, D, E, B6, B12, Folic Acid, and Omega-3 DHA, 30+30 Count",Health & Household,,Adult,,Energy Management,"#168,549 in Health & Household",ONE A DAY,,,,,4.7 out of 5 stars,,,,,,,,,,,,,,,,,,,,,,,,,,Multivitamins,,,,,,,
